"Classifier id","train_accuracy","test_accuracy","fit_time","score_time","features","train_conf_matrix","test_conf_matrix"
"AdaBoostClassifier(algorithm='SAMME.R'; base_estimator=None; learning_rate=1.0; n_estimators=50; random_state=None)",0.580280725779,0.536284801461,0.161623001099,0.0823950767517,1,[[ 327 3595]  [  83 4758]],[[  64  933]  [  83 1111]]
"AdaBoostClassifier(algorithm='SAMME.R'; base_estimator=None; learning_rate=1.0; n_estimators=50; random_state=None)",0.580394841949,0.536741214058,0.177107095718,0.0843191146851,4,[[ 326 3596]  [  81 4760]],[[  63  934]  [  81 1113]]
"AdaBoostClassifier(algorithm='SAMME.R'; base_estimator=None; learning_rate=1.0; n_estimators=50; random_state=None)",0.580508958119,0.537654039251,0.23754119873,0.0931069850922,11,[[ 329 3593]  [  83 4758]],[[  66  931]  [  82 1112]]
"AdaBoostClassifier(algorithm='SAMME.R'; base_estimator=None; learning_rate=1.0; n_estimators=50; random_state=None)",0.580508958119,0.537654039251,0.319875001907,0.11292719841,27,[[ 328 3594]  [  82 4759]],[[  64  933]  [  80 1114]]
"AdaBoostClassifier(algorithm='SAMME.R'; base_estimator=None; learning_rate=1.0; n_estimators=50; random_state=None)",0.592833504508,0.522592423551,0.72065281868,0.188907146454,63,[[1153 2769]  [ 799 4042]],[[199 798]  [248 946]]
"AdaBoostClassifier(algorithm='SAMME.R'; base_estimator=None; learning_rate=1.0; n_estimators=50; random_state=None)",0.631062421545,0.518484710178,1.64925289154,0.31973695755,146,[[1689 2233]  [1000 3841]],[[241 756]  [299 895]]
"AdaBoostClassifier(algorithm='SAMME.R'; base_estimator=None; learning_rate=1.0; n_estimators=50; random_state=None)",0.648522195595,0.498402555911,4.3177781105,0.707921981812,336,[[1928 1994]  [1086 3755]],[[286 711]  [388 806]]
"AdaBoostClassifier(algorithm='SAMME.R'; base_estimator=None; learning_rate=1.0; n_estimators=50; random_state=None)",0.651375099852,0.494294842538,13.3235559464,1.85077691078,774,[[1875 2047]  [1008 3833]],[[292 705]  [403 791]]
"AdaBoostClassifier(algorithm='SAMME.R'; base_estimator=None; learning_rate=1.0; n_estimators=50; random_state=None)",0.658678534748,0.50296668188,25.0212259293,3.93070816994,1779,[[1898 2024]  [ 967 3874]],[[299 698]  [391 803]]
"AdaBoostClassifier(algorithm='SAMME.R'; base_estimator=None; learning_rate=1.0; n_estimators=50; random_state=None)",0.661303206664,0.496120492926,60.0402019024,15.4088079929,4087,[[1970 1952]  [1016 3825]],[[299 698]  [406 788]]
"AdaBoostClassifier(algorithm='SAMME.R'; base_estimator=None; learning_rate=1.0; n_estimators=50; random_state=None)",0.660276161132,0.498858968508,177.294346094,143.823626995,9389,[[1992 1930]  [1047 3794]],[[322 675]  [423 771]]
"AdaBoostClassifier(algorithm='SAMME.R'; base_estimator=None; learning_rate=1.0; n_estimators=50; random_state=None)",0.661189090494,0.499771793702,565.423916101,396.666631937,21568,[[2007 1915]  [1054 3787]],[[319 678]  [418 776]]
"DecisionTreeClassifier(compute_importances=None; criterion='gini'; max_depth=None; max_features=None; max_leaf_nodes=None; min_density=None; min_samples_leaf=1; min_samples_split=2; random_state=None; splitter='best')",0.580280725779,0.536284801461,0.00130105018616,0.000403165817261,1,[[ 327 3595]  [  83 4758]],[[  64  933]  [  83 1111]]
"DecisionTreeClassifier(compute_importances=None; criterion='gini'; max_depth=None; max_features=None; max_leaf_nodes=None; min_density=None; min_samples_leaf=1; min_samples_split=2; random_state=None; splitter='best')",0.580394841949,0.536741214058,0.00224900245667,0.000595092773438,4,[[ 327 3595]  [  82 4759]],[[  64  933]  [  82 1112]]
"DecisionTreeClassifier(compute_importances=None; criterion='gini'; max_depth=None; max_features=None; max_leaf_nodes=None; min_density=None; min_samples_leaf=1; min_samples_split=2; random_state=None; splitter='best')",0.5809654228,0.538566864445,0.0048770904541,0.000817060470581,11,[[ 333 3589]  [  83 4758]],[[  69  928]  [  83 1111]]
"DecisionTreeClassifier(compute_importances=None; criterion='gini'; max_depth=None; max_features=None; max_leaf_nodes=None; min_density=None; min_samples_leaf=1; min_samples_split=2; random_state=None; splitter='best')",0.582334816844,0.533089913282,0.0125961303711,0.00204205513,27,[[ 361 3561]  [  99 4742]],[[  64  933]  [  90 1104]]
"DecisionTreeClassifier(compute_importances=None; criterion='gini'; max_depth=None; max_features=None; max_leaf_nodes=None; min_density=None; min_samples_leaf=1; min_samples_split=2; random_state=None; splitter='best')",0.611662672601,0.518941122775,0.0507550239563,0.00319719314575,63,[[1381 2541]  [ 862 3979]],[[305 692]  [362 832]]
"DecisionTreeClassifier(compute_importances=None; criterion='gini'; max_depth=None; max_features=None; max_leaf_nodes=None; min_density=None; min_samples_leaf=1; min_samples_split=2; random_state=None; splitter='best')",0.782836927993,0.500684618895,0.235245943069,0.00936484336853,146,[[3048  874]  [1029 3812]],[[468 529]  [565 629]]
"DecisionTreeClassifier(compute_importances=None; criterion='gini'; max_depth=None; max_features=None; max_leaf_nodes=None; min_density=None; min_samples_leaf=1; min_samples_split=2; random_state=None; splitter='best')",0.972954467648,0.493838429941,1.10024309158,0.0664269924164,336,[[3885   37]  [ 200 4641]],[[462 535]  [574 620]]
"DecisionTreeClassifier(compute_importances=None; criterion='gini'; max_depth=None; max_features=None; max_leaf_nodes=None; min_density=None; min_samples_leaf=1; min_samples_split=2; random_state=None; splitter='best')",0.993609494465,0.500228206298,2.91388607025,0.139563798904,774,[[3916    6]  [  50 4791]],[[453 544]  [551 643]]
"DecisionTreeClassifier(compute_importances=None; criterion='gini'; max_depth=None; max_features=None; max_leaf_nodes=None; min_density=None; min_samples_leaf=1; min_samples_split=2; random_state=None; splitter='best')",0.999201186808,0.498858968508,7.1122751236,0.697983980179,1779,[[3922    0]  [   7 4834]],[[428 569]  [529 665]]
"DecisionTreeClassifier(compute_importances=None; criterion='gini'; max_depth=None; max_features=None; max_leaf_nodes=None; min_density=None; min_samples_leaf=1; min_samples_split=2; random_state=None; splitter='best')",0.999315302978,0.484710178001,18.198941946,1.29328799248,4087,[[3922    0]  [   6 4835]],[[433 564]  [565 629]]
"DecisionTreeClassifier(compute_importances=None; criterion='gini'; max_depth=None; max_features=None; max_leaf_nodes=None; min_density=None; min_samples_leaf=1; min_samples_split=2; random_state=None; splitter='best')",0.999543535319,0.522592423551,47.9154810905,3.90290594101,9389,[[3922    0]  [   4 4837]],[[432 565]  [481 713]]
"GaussianNB()",0.580280725779,0.536284801461,0.000798940658569,0.000771999359131,1,[[ 327 3595]  [  83 4758]],[[  64  933]  [  83 1111]]
"GaussianNB()",0.580394841949,0.536741214058,0.00710487365723,0.00280094146729,4,[[ 326 3596]  [  81 4760]],[[  63  934]  [  81 1113]]
"GaussianNB()",0.52835786831,0.462802373346,0.00248384475708,0.00551319122314,11,[[3488  434]  [3699 1142]],[[725 272]  [905 289]]
"GaussianNB()",0.52858610065,0.462802373346,0.00495314598083,0.011824131012,27,[[3467  455]  [3676 1165]],[[692 305]  [872 322]]
"GaussianNB()",0.581650119822,0.540392514833,0.00999283790588,0.0247020721436,63,[[ 373 3549]  [ 117 4724]],[[  83  914]  [  93 1101]]
"GaussianNB()",0.545132945338,0.455043359197,0.0310211181641,0.0674641132355,146,[[3439  483]  [3503 1338]],[[664 333]  [861 333]]
"GaussianNB()",0.602305146639,0.484710178001,0.155833005905,0.256936073303,336,[[2624 1298]  [2187 2654]],[[455 542]  [587 607]]
"GaussianNB()",0.622960173457,0.510269283432,0.918524980545,0.55387878418,774,[[1444 2478]  [ 826 4015]],[[272 725]  [348 846]]
"GaussianNB()",0.589181787059,0.464171611136,1.21375799179,1.26579499245,1779,[[3441  481]  [3119 1722]],[[706 291]  [883 311]]
"GaussianNB()",0.610407394728,0.473299863076,1.89771485329,9.01744699478,4087,[[3648  274]  [3140 1701]],[[814 183]  [971 223]]
"GaussianNB()",0.666096085815,0.473756275673,14.8937900066,43.7500669956,9389,[[3806  116]  [2810 2031]],[[831 166]  [987 207]]
"GradientBoostingClassifier(init=None; learning_rate=0.1; loss='deviance'; max_depth=3; max_features=None; max_leaf_nodes=None; min_samples_leaf=1; min_samples_split=2; n_estimators=100; random_state=None; subsample=1.0; verbose=0; warm_start=False)",0.580280725779,0.536284801461,0.165343999863,0.0055730342865,1,[[ 327 3595]  [  83 4758]],[[  64  933]  [  83 1111]]
"GradientBoostingClassifier(init=None; learning_rate=0.1; loss='deviance'; max_depth=3; max_features=None; max_leaf_nodes=None; min_samples_leaf=1; min_samples_split=2; n_estimators=100; random_state=None; subsample=1.0; verbose=0; warm_start=False)",0.580394841949,0.536741214058,0.323163032532,0.0138421058655,4,[[ 326 3596]  [  81 4760]],[[  63  934]  [  81 1113]]
"GradientBoostingClassifier(init=None; learning_rate=0.1; loss='deviance'; max_depth=3; max_features=None; max_leaf_nodes=None; min_samples_leaf=1; min_samples_split=2; n_estimators=100; random_state=None; subsample=1.0; verbose=0; warm_start=False)",0.58073719046,0.538110451848,0.545011043549,0.0135130882263,11,[[ 330 3592]  [  82 4759]],[[  66  931]  [  81 1113]]
"GradientBoostingClassifier(init=None; learning_rate=0.1; loss='deviance'; max_depth=3; max_features=None; max_leaf_nodes=None; min_samples_leaf=1; min_samples_split=2; n_estimators=100; random_state=None; subsample=1.0; verbose=0; warm_start=False)",0.581764235992,0.537197626654,1.17605900764,0.0162880420685,27,[[ 341 3581]  [  84 4757]],[[  66  931]  [  83 1111]]
"GradientBoostingClassifier(init=None; learning_rate=0.1; loss='deviance'; max_depth=3; max_features=None; max_leaf_nodes=None; min_samples_leaf=1; min_samples_split=2; n_estimators=100; random_state=None; subsample=1.0; verbose=0; warm_start=False)",0.599908707064,0.527156549521,3.11396503448,0.0200068950653,63,[[1356 2566]  [ 940 3901]],[[277 720]  [316 878]]
"GradientBoostingClassifier(init=None; learning_rate=0.1; loss='deviance'; max_depth=3; max_features=None; max_leaf_nodes=None; min_samples_leaf=1; min_samples_split=2; n_estimators=100; random_state=None; subsample=1.0; verbose=0; warm_start=False)",0.643957548785,0.513007759014,10.2859368324,0.040295124054,146,[[1787 2135]  [ 985 3856]],[[252 745]  [322 872]]
"GradientBoostingClassifier(init=None; learning_rate=0.1; loss='deviance'; max_depth=3; max_features=None; max_leaf_nodes=None; min_samples_leaf=1; min_samples_split=2; n_estimators=100; random_state=None; subsample=1.0; verbose=0; warm_start=False)",0.669747803264,0.508443633044,32.5220351219,0.18168592453,336,[[1857 2065]  [ 829 4012]],[[258 739]  [338 856]]
"GradientBoostingClassifier(init=None; learning_rate=0.1; loss='deviance'; max_depth=3; max_features=None; max_leaf_nodes=None; min_samples_leaf=1; min_samples_split=2; n_estimators=100; random_state=None; subsample=1.0; verbose=0; warm_start=False)",0.677850051352,0.513464171611,77.8078320026,0.466945886612,774,[[1896 2026]  [ 797 4044]],[[271 726]  [340 854]]
"GradientBoostingClassifier(init=None; learning_rate=0.1; loss='deviance'; max_depth=3; max_features=None; max_leaf_nodes=None; min_samples_leaf=1; min_samples_split=2; n_estimators=100; random_state=None; subsample=1.0; verbose=0; warm_start=False)",0.684354673057,0.50753080785,180.03737998,0.685000896454,1779,[[1885 2037]  [ 729 4112]],[[252 745]  [334 860]]
"GradientBoostingClassifier(init=None; learning_rate=0.1; loss='deviance'; max_depth=3; max_features=None; max_leaf_nodes=None; min_samples_leaf=1; min_samples_split=2; n_estimators=100; random_state=None; subsample=1.0; verbose=0; warm_start=False)",0.692571037316,0.510269283432,498.058174849,1.20509600639,4087,[[1938 1984]  [ 710 4131]],[[258 739]  [334 860]]
"GradientBoostingClassifier(init=None; learning_rate=0.1; loss='deviance'; max_depth=3; max_features=None; max_leaf_nodes=None; min_samples_leaf=1; min_samples_split=2; n_estimators=100; random_state=None; subsample=1.0; verbose=0; warm_start=False)",0.700445053064,0.509812870835,2067.45314193,4.03779697418,9389,[[1941 1981]  [ 644 4197]],[[244 753]  [321 873]]
"MLPClassifier(batch_size=100; l2decay=0; loss='cross_entropy'; lr=0.1; n_hidden=200; output_layer=None; verbose=0)",0.447563619765,0.455043359197,0.52323102951,0.0588409900665,1,[[3922    0]  [4841    0]],[[ 997    0]  [1194    0]]
"MLPClassifier(batch_size=100; l2decay=0; loss='cross_entropy'; lr=0.1; n_hidden=200; output_layer=None; verbose=0)",0.447563619765,0.455043359197,0.570914030075,0.0457968711853,4,[[3922    0]  [4841    0]],[[ 997    0]  [1194    0]]
"MLPClassifier(batch_size=100; l2decay=0; loss='cross_entropy'; lr=0.1; n_hidden=200; output_layer=None; verbose=0)",0.447563619765,0.455043359197,0.591443061829,0.0449080467224,11,[[3922    0]  [4841    0]],[[ 997    0]  [1194    0]]
"MLPClassifier(batch_size=100; l2decay=0; loss='cross_entropy'; lr=0.1; n_hidden=200; output_layer=None; verbose=0)",0.447563619765,0.455043359197,0.627907037735,0.052875995636,27,[[3922    0]  [4841    0]],[[ 997    0]  [1194    0]]
"MLPClassifier(batch_size=100; l2decay=0; loss='cross_entropy'; lr=0.1; n_hidden=200; output_layer=None; verbose=0)",0.447563619765,0.455043359197,0.703179836273,0.063029050827,63,[[3922    0]  [4841    0]],[[ 997    0]  [1194    0]]
"MLPClassifier(batch_size=100; l2decay=0; loss='cross_entropy'; lr=0.1; n_hidden=200; output_layer=None; verbose=0)",0.447563619765,0.455043359197,0.929427862167,0.0684380531311,146,[[3922    0]  [4841    0]],[[ 997    0]  [1194    0]]
"MLPClassifier(batch_size=100; l2decay=0; loss='cross_entropy'; lr=0.1; n_hidden=200; output_layer=None; verbose=0)",0.447563619765,0.455043359197,1.70063614845,0.094673871994,336,[[3922    0]  [4841    0]],[[ 997    0]  [1194    0]]
"MLPClassifier(batch_size=100; l2decay=0; loss='cross_entropy'; lr=0.1; n_hidden=200; output_layer=None; verbose=0)",0.447563619765,0.455043359197,5.23271393776,0.206316947937,774,[[3922    0]  [4841    0]],[[ 997    0]  [1194    0]]
"MLPClassifier(batch_size=100; l2decay=0; loss='cross_entropy'; lr=0.1; n_hidden=200; output_layer=None; verbose=0)",0.447563619765,0.455043359197,9.43558692932,0.37380695343,1779,[[3922    0]  [4841    0]],[[ 997    0]  [1194    0]]
"MLPClassifier(batch_size=100; l2decay=0; loss='cross_entropy'; lr=0.1; n_hidden=200; output_layer=None; verbose=0)",0.447563619765,0.455043359197,20.3294751644,0.652976989746,4087,[[3922    0]  [4841    0]],[[ 997    0]  [1194    0]]
"MLPClassifier(batch_size=100; l2decay=0; loss='cross_entropy'; lr=0.1; n_hidden=200; output_layer=None; verbose=0)",0.447563619765,0.455043359197,59.8377120495,1.80047702789,9389,[[3922    0]  [4841    0]],[[ 997    0]  [1194    0]]
"MLPClassifier(batch_size=100; l2decay=0; loss='cross_entropy'; lr=0.1; n_hidden=200; output_layer=None; verbose=0)",0.447563619765,0.455043359197,160.717285156,5.04316806793,21568,[[3922    0]  [4841    0]],[[ 997    0]  [1194    0]]
"MLPClassifier(batch_size=100; l2decay=0; loss='cross_entropy'; lr=0.1; n_hidden=400; output_layer=None; verbose=0)",0.447563619765,0.455043359197,0.88450884819,0.153237104416,1,[[3922    0]  [4841    0]],[[ 997    0]  [1194    0]]
"MLPClassifier(batch_size=100; l2decay=0; loss='cross_entropy'; lr=0.1; n_hidden=400; output_layer=None; verbose=0)",0.447563619765,0.455043359197,1.00036597252,0.111263036728,4,[[3922    0]  [4841    0]],[[ 997    0]  [1194    0]]
"MLPClassifier(batch_size=100; l2decay=0; loss='cross_entropy'; lr=0.1; n_hidden=400; output_layer=None; verbose=0)",0.447563619765,0.455043359197,1.05569791794,0.132956027985,11,[[3922    0]  [4841    0]],[[ 997    0]  [1194    0]]
"MLPClassifier(batch_size=100; l2decay=0; loss='cross_entropy'; lr=0.1; n_hidden=400; output_layer=None; verbose=0)",0.447563619765,0.455043359197,1.17629003525,0.112170934677,27,[[3922    0]  [4841    0]],[[ 997    0]  [1194    0]]
"MLPClassifier(batch_size=100; l2decay=0; loss='cross_entropy'; lr=0.1; n_hidden=400; output_layer=None; verbose=0)",0.447563619765,0.455043359197,1.43335199356,0.149703025818,63,[[3922    0]  [4841    0]],[[ 997    0]  [1194    0]]
"MLPClassifier(batch_size=100; l2decay=0; loss='cross_entropy'; lr=0.1; n_hidden=400; output_layer=None; verbose=0)",0.447563619765,0.455043359197,1.70884299278,0.129199981689,146,[[3922    0]  [4841    0]],[[ 997    0]  [1194    0]]
"MLPClassifier(batch_size=100; l2decay=0; loss='cross_entropy'; lr=0.1; n_hidden=400; output_layer=None; verbose=0)",0.447563619765,0.455043359197,3.32161808014,0.160527944565,336,[[3922    0]  [4841    0]],[[ 997    0]  [1194    0]]
"MLPClassifier(batch_size=100; l2decay=0; loss='cross_entropy'; lr=0.1; n_hidden=400; output_layer=None; verbose=0)",0.447563619765,0.455043359197,9.06025004387,0.419532060623,774,[[3922    0]  [4841    0]],[[ 997    0]  [1194    0]]
"MLPClassifier(batch_size=100; l2decay=0; loss='cross_entropy'; lr=0.1; n_hidden=400; output_layer=None; verbose=0)",0.447563619765,0.455043359197,16.3486208916,0.592782974243,1779,[[3922    0]  [4841    0]],[[ 997    0]  [1194    0]]
"MLPClassifier(batch_size=100; l2decay=0; loss='cross_entropy'; lr=0.1; n_hidden=400; output_layer=None; verbose=0)",0.447563619765,0.455043359197,35.5696349144,1.17002892494,4087,[[3922    0]  [4841    0]],[[ 997    0]  [1194    0]]
"MLPClassifier(batch_size=100; l2decay=0; loss='cross_entropy'; lr=0.1; n_hidden=400; output_layer=None; verbose=0)",0.447563619765,0.455043359197,98.3527691364,2.70628881454,9389,[[3922    0]  [4841    0]],[[ 997    0]  [1194    0]]
"MLPClassifier(batch_size=100; l2decay=0; loss='cross_entropy'; lr=0.1; n_hidden=400; output_layer=None; verbose=0)",0.447563619765,0.455043359197,285.706030846,7.15624094009,21568,[[3922    0]  [4841    0]],[[ 997    0]  [1194    0]]
"MLPClassifier(batch_size=100; l2decay=0; loss='cross_entropy'; lr=0.1; n_hidden=800; output_layer=None; verbose=0)",0.447563619765,0.455043359197,1.70544409752,0.418861865997,1,[[3922    0]  [4841    0]],[[ 997    0]  [1194    0]]
"MLPClassifier(batch_size=100; l2decay=0; loss='cross_entropy'; lr=0.1; n_hidden=800; output_layer=None; verbose=0)",0.447563619765,0.455043359197,1.79672694206,0.271790981293,4,[[3922    0]  [4841    0]],[[ 997    0]  [1194    0]]
"MLPClassifier(batch_size=100; l2decay=0; loss='cross_entropy'; lr=0.1; n_hidden=800; output_layer=None; verbose=0)",0.447563619765,0.455043359197,1.98585391045,0.299888849258,11,[[3922    0]  [4841    0]],[[ 997    0]  [1194    0]]
"MLPClassifier(batch_size=100; l2decay=0; loss='cross_entropy'; lr=0.1; n_hidden=800; output_layer=None; verbose=0)",0.447563619765,0.455043359197,2.10540390015,0.307831048965,27,[[3922    0]  [4841    0]],[[ 997    0]  [1194    0]]
"MLPClassifier(batch_size=100; l2decay=0; loss='cross_entropy'; lr=0.1; n_hidden=800; output_layer=None; verbose=0)",0.447563619765,0.455043359197,2.57545804977,0.344036102295,63,[[3922    0]  [4841    0]],[[ 997    0]  [1194    0]]
"MLPClassifier(batch_size=100; l2decay=0; loss='cross_entropy'; lr=0.1; n_hidden=800; output_layer=None; verbose=0)",0.447563619765,0.455043359197,3.69850683212,0.311640024185,146,[[3922    0]  [4841    0]],[[ 997    0]  [1194    0]]
"MLPClassifier(batch_size=100; l2decay=0; loss='cross_entropy'; lr=0.1; n_hidden=800; output_layer=None; verbose=0)",0.447563619765,0.455043359197,6.66453289986,0.471197128296,336,[[3922    0]  [4841    0]],[[ 997    0]  [1194    0]]
"MLPClassifier(batch_size=100; l2decay=0; loss='cross_entropy'; lr=0.1; n_hidden=800; output_layer=None; verbose=0)",0.447563619765,0.455043359197,17.1409409046,0.848242044449,774,[[3922    0]  [4841    0]],[[ 997    0]  [1194    0]]
"MLPClassifier(batch_size=100; l2decay=0; loss='cross_entropy'; lr=0.1; n_hidden=800; output_layer=None; verbose=0)",0.447563619765,0.455043359197,32.536878109,1.07292604446,1779,[[3922    0]  [4841    0]],[[ 997    0]  [1194    0]]
"MLPClassifier(batch_size=100; l2decay=0; loss='cross_entropy'; lr=0.1; n_hidden=800; output_layer=None; verbose=0)",0.447563619765,0.455043359197,68.4067640305,2.06514906883,4087,[[3922    0]  [4841    0]],[[ 997    0]  [1194    0]]
"MLPClassifier(batch_size=100; l2decay=0; loss='cross_entropy'; lr=0.1; n_hidden=800; output_layer=None; verbose=0)",0.447563619765,0.455043359197,167.847190142,5.06367397308,9389,[[3922    0]  [4841    0]],[[ 997    0]  [1194    0]]
"MLPClassifier(batch_size=100; l2decay=0; loss='cross_entropy'; lr=0.1; n_hidden=800; output_layer=None; verbose=0)",0.447563619765,0.455043359197,704.474651098,11.1906359196,21568,[[3922    0]  [4841    0]],[[ 997    0]  [1194    0]]
"NearestCentroid(metric='euclidean'; shrink_threshold=None)",0.580280725779,0.536284801461,0.000714063644409,0.00193095207214,1,[[ 327 3595]  [  83 4758]],[[  64  933]  [  83 1111]]
"NearestCentroid(metric='euclidean'; shrink_threshold=None)",0.525961428734,0.456412596988,0.00105690956116,0.00194096565247,4,[[3524  398]  [3756 1085]],[[737 260]  [931 263]]
"NearestCentroid(metric='euclidean'; shrink_threshold=None)",0.512267488303,0.462345960749,0.00125288963318,0.002366065979,11,[[3530  392]  [3882  959]],[[751 246]  [932 262]]
"NearestCentroid(metric='euclidean'; shrink_threshold=None)",0.517859180646,0.469192149703,0.00237917900085,0.00535202026367,27,[[3470  452]  [3773 1068]],[[697 300]  [863 331]]
"NearestCentroid(metric='euclidean'; shrink_threshold=None)",0.548670546616,0.497946143314,0.0037260055542,0.00660395622253,63,[[2769 1153]  [2802 2039]],[[490 507]  [593 601]]
"NearestCentroid(metric='euclidean'; shrink_threshold=None)",0.5544904713,0.500684618895,0.00810289382935,0.0235090255737,146,[[2753 1169]  [2735 2106]],[[484 513]  [581 613]]
"NearestCentroid(metric='euclidean'; shrink_threshold=None)",0.573205523223,0.512551346417,0.038379907608,0.0494241714478,336,[[2543 1379]  [2361 2480]],[[367 630]  [438 756]]
"NearestCentroid(metric='euclidean'; shrink_threshold=None)",0.573890220244,0.514376996805,0.0525140762329,0.131548881531,774,[[2504 1418]  [2316 2525]],[[382 615]  [449 745]]
"NearestCentroid(metric='euclidean'; shrink_threshold=None)",0.576857240671,0.514376996805,0.263114929199,0.169347047806,1779,[[2477 1445]  [2263 2578]],[[367 630]  [434 760]]
"NearestCentroid(metric='euclidean'; shrink_threshold=None)",0.577085473012,0.514833409402,1.15309000015,0.315587043762,4087,[[2459 1463]  [2243 2598]],[[365 632]  [431 763]]
"NearestCentroid(metric='euclidean'; shrink_threshold=None)",0.578112518544,0.514376996805,4.44478702545,2.34664011002,9389,[[2460 1462]  [2235 2606]],[[366 631]  [433 761]]
"Perceptron(alpha=0.0001; class_weight=None; eta0=1.0; fit_intercept=True; n_iter=50; n_jobs=1; penalty=None; random_state=0; shuffle=False; verbose=0; warm_start=False)",0.580280725779,0.536284801461,0.0163040161133,0.000657796859741,1,[[ 327 3595]  [  83 4758]],[[  64  933]  [  83 1111]]
"Perceptron(alpha=0.0001; class_weight=None; eta0=1.0; fit_intercept=True; n_iter=50; n_jobs=1; penalty=None; random_state=0; shuffle=False; verbose=0; warm_start=False)",0.580280725779,0.537197626654,0.0215301513672,0.000437021255493,4,[[ 327 3595]  [  83 4758]],[[  63  934]  [  80 1114]]
"Perceptron(alpha=0.0001; class_weight=None; eta0=1.0; fit_intercept=True; n_iter=50; n_jobs=1; penalty=None; random_state=0; shuffle=False; verbose=0; warm_start=False)",0.580166609609,0.543130990415,0.0280349254608,0.000545024871826,11,[[ 324 3598]  [  81 4760]],[[  57  940]  [  61 1133]]
"Perceptron(alpha=0.0001; class_weight=None; eta0=1.0; fit_intercept=True; n_iter=50; n_jobs=1; penalty=None; random_state=0; shuffle=False; verbose=0; warm_start=False)",0.574803149606,0.539023277042,0.0464420318604,0.000820875167847,27,[[ 369 3553]  [ 173 4668]],[[  74  923]  [  87 1107]]
"Perceptron(alpha=0.0001; class_weight=None; eta0=1.0; fit_intercept=True; n_iter=50; n_jobs=1; penalty=None; random_state=0; shuffle=False; verbose=0; warm_start=False)",0.567385598539,0.52122318576,0.0844969749451,0.00156593322754,63,[[ 872 3050]  [ 741 4100]],[[159 838]  [211 983]]
"Perceptron(alpha=0.0001; class_weight=None; eta0=1.0; fit_intercept=True; n_iter=50; n_jobs=1; penalty=None; random_state=0; shuffle=False; verbose=0; warm_start=False)",0.5809654228,0.477863989046,0.18231511116,0.00310397148132,146,[[2555 1367]  [2305 2536]],[[456 541]  [603 591]]
"Perceptron(alpha=0.0001; class_weight=None; eta0=1.0; fit_intercept=True; n_iter=50; n_jobs=1; penalty=None; random_state=0; shuffle=False; verbose=0; warm_start=False)",0.632203583248,0.508443633044,0.359823942184,0.00745105743408,336,[[1803 2119]  [1104 3737]],[[267 730]  [347 847]]
"Perceptron(alpha=0.0001; class_weight=None; eta0=1.0; fit_intercept=True; n_iter=50; n_jobs=1; penalty=None; random_state=0; shuffle=False; verbose=0; warm_start=False)",0.649092776446,0.504792332268,1.0367269516,0.0193250179291,774,[[1839 2083]  [ 992 3849]],[[201 796]  [289 905]]
"Perceptron(alpha=0.0001; class_weight=None; eta0=1.0; fit_intercept=True; n_iter=50; n_jobs=1; penalty=None; random_state=0; shuffle=False; verbose=0; warm_start=False)",0.659819696451,0.518028297581,1.87401008606,0.0434248447418,1779,[[1510 2412]  [ 569 4272]],[[166 831]  [225 969]]
"Perceptron(alpha=0.0001; class_weight=None; eta0=1.0; fit_intercept=True; n_iter=50; n_jobs=1; penalty=None; random_state=0; shuffle=False; verbose=0; warm_start=False)",0.658906767089,0.536284801461,5.17437815666,0.3436460495,4087,[[1176 2746]  [ 243 4598]],[[ 113  884]  [ 132 1062]]
"Perceptron(alpha=0.0001; class_weight=None; eta0=1.0; fit_intercept=True; n_iter=50; n_jobs=1; penalty=None; random_state=0; shuffle=False; verbose=0; warm_start=False)",0.799383772681,0.498402555911,10.3631308079,0.609085083008,9389,[[3016  906]  [ 852 3989]],[[470 527]  [572 622]]
"Perceptron(alpha=0.0001; class_weight=None; eta0=1.0; fit_intercept=True; n_iter=50; n_jobs=1; penalty=None; random_state=0; shuffle=False; verbose=0; warm_start=False)",0.887024991441,0.512551346417,215.082929134,6.33359599113,21568,[[3210  712]  [ 278 4563]],[[369 628]  [440 754]]
"RandomForestClassifier(bootstrap=True; compute_importances=None; criterion='gini'; max_depth=None; max_features='auto'; max_leaf_nodes=None; min_density=None; min_samples_leaf=1; min_samples_split=2; n_estimators=10; n_jobs=1; oob_score=False; random_state=None; verbose=0)",0.580280725779,0.536284801461,0.0312459468842,0.0122017860413,1,[[ 327 3595]  [  83 4758]],[[  64  933]  [  83 1111]]
"RandomForestClassifier(bootstrap=True; compute_importances=None; criterion='gini'; max_depth=None; max_features='auto'; max_leaf_nodes=None; min_density=None; min_samples_leaf=1; min_samples_split=2; n_estimators=10; n_jobs=1; oob_score=False; random_state=None; verbose=0)",0.580394841949,0.536284801461,0.0306820869446,0.0106730461121,4,[[ 327 3595]  [  82 4759]],[[  64  933]  [  83 1111]]
"RandomForestClassifier(bootstrap=True; compute_importances=None; criterion='gini'; max_depth=None; max_features='auto'; max_leaf_nodes=None; min_density=None; min_samples_leaf=1; min_samples_split=2; n_estimators=10; n_jobs=1; oob_score=False; random_state=None; verbose=0)",0.5809654228,0.538110451848,0.0394339561462,0.0102109909058,11,[[ 329 3593]  [  79 4762]],[[  65  932]  [  80 1114]]
"RandomForestClassifier(bootstrap=True; compute_importances=None; criterion='gini'; max_depth=None; max_features='auto'; max_leaf_nodes=None; min_density=None; min_samples_leaf=1; min_samples_split=2; n_estimators=10; n_jobs=1; oob_score=False; random_state=None; verbose=0)",0.582334816844,0.536741214058,0.0602719783783,0.0128591060638,27,[[ 358 3564]  [  96 4745]],[[  71  926]  [  89 1105]]
"RandomForestClassifier(bootstrap=True; compute_importances=None; criterion='gini'; max_depth=None; max_features='auto'; max_leaf_nodes=None; min_density=None; min_samples_leaf=1; min_samples_split=2; n_estimators=10; n_jobs=1; oob_score=False; random_state=None; verbose=0)",0.610407394728,0.521679598357,0.116979837418,0.0216970443726,63,[[1374 2548]  [ 866 3975]],[[292 705]  [343 851]]
"RandomForestClassifier(bootstrap=True; compute_importances=None; criterion='gini'; max_depth=None; max_features='auto'; max_leaf_nodes=None; min_density=None; min_samples_leaf=1; min_samples_split=2; n_estimators=10; n_jobs=1; oob_score=False; random_state=None; verbose=0)",0.774620563734,0.494294842538,0.273832082748,0.0371470451355,146,[[2839 1083]  [ 892 3949]],[[413 584]  [524 670]]
"RandomForestClassifier(bootstrap=True; compute_importances=None; criterion='gini'; max_depth=None; max_features='auto'; max_leaf_nodes=None; min_density=None; min_samples_leaf=1; min_samples_split=2; n_estimators=10; n_jobs=1; oob_score=False; random_state=None; verbose=0)",0.957662900833,0.486992240986,0.530864953995,0.0622200965881,336,[[3776  146]  [ 225 4616]],[[419 578]  [546 648]]
"RandomForestClassifier(bootstrap=True; compute_importances=None; criterion='gini'; max_depth=None; max_features='auto'; max_leaf_nodes=None; min_density=None; min_samples_leaf=1; min_samples_split=2; n_estimators=10; n_jobs=1; oob_score=False; random_state=None; verbose=0)",0.97808969531,0.489730716568,1.22873616219,0.13681101799,774,[[3857   65]  [ 127 4714]],[[462 535]  [583 611]]
"RandomForestClassifier(bootstrap=True; compute_importances=None; criterion='gini'; max_depth=None; max_features='auto'; max_leaf_nodes=None; min_density=None; min_samples_leaf=1; min_samples_split=2; n_estimators=10; n_jobs=1; oob_score=False; random_state=None; verbose=0)",0.986191943398,0.51209493382,2.08074784279,0.217632055283,1779,[[3893   29]  [  92 4749]],[[453 544]  [525 669]]
"RandomForestClassifier(bootstrap=True; compute_importances=None; criterion='gini'; max_depth=None; max_features='auto'; max_leaf_nodes=None; min_density=None; min_samples_leaf=1; min_samples_split=2; n_estimators=10; n_jobs=1; oob_score=False; random_state=None; verbose=0)",0.985507246377,0.509812870835,3.83358216286,1.02122998238,4087,[[3886   36]  [  91 4750]],[[440 557]  [517 677]]
"RandomForestClassifier(bootstrap=True; compute_importances=None; criterion='gini'; max_depth=None; max_features='auto'; max_leaf_nodes=None; min_density=None; min_samples_leaf=1; min_samples_split=2; n_estimators=10; n_jobs=1; oob_score=False; random_state=None; verbose=0)",0.985050781696,0.490187129165,10.7438809872,3.43620991707,9389,[[3884   38]  [  93 4748]],[[412 585]  [532 662]]
"RandomForestClassifier(bootstrap=True; compute_importances=None; criterion='gini'; max_depth=None; max_features='auto'; max_leaf_nodes=None; min_density=None; min_samples_leaf=1; min_samples_split=2; n_estimators=10; n_jobs=1; oob_score=False; random_state=None; verbose=0)",0.987333105101,0.516202647193,29.5622630119,11.0249199867,21568,[[3882   40]  [  71 4770]],[[402 595]  [465 729]]
"SVC(C=1.0; cache_size=200; class_weight=None; coef0=0.0; degree=3; gamma=0.0; kernel='linear'; max_iter=-1; probability=False; random_state=None; shrinking=True; tol=0.001; verbose=False)",0.580280725779,0.536284801461,1.14659714699,0.534578084946,1,[[ 327 3595]  [  83 4758]],[[  64  933]  [  83 1111]]
"SVC(C=1.0; cache_size=200; class_weight=None; coef0=0.0; degree=3; gamma=0.0; kernel='linear'; max_iter=-1; probability=False; random_state=None; shrinking=True; tol=0.001; verbose=False)",0.580280725779,0.536284801461,1.42983317375,0.81262087822,4,[[ 327 3595]  [  83 4758]],[[  64  933]  [  83 1111]]
"SVC(C=1.0; cache_size=200; class_weight=None; coef0=0.0; degree=3; gamma=0.0; kernel='linear'; max_iter=-1; probability=False; random_state=None; shrinking=True; tol=0.001; verbose=False)",0.580280725779,0.536284801461,1.89623188972,1.43531799316,11,[[ 327 3595]  [  83 4758]],[[  64  933]  [  83 1111]]
"SVC(C=1.0; cache_size=200; class_weight=None; coef0=0.0; degree=3; gamma=0.0; kernel='linear'; max_iter=-1; probability=False; random_state=None; shrinking=True; tol=0.001; verbose=False)",0.58073719046,0.534459151073,3.26414895058,2.94615006447,27,[[ 331 3591]  [  83 4758]],[[  64  933]  [  87 1107]]
"SVC(C=1.0; cache_size=200; class_weight=None; coef0=0.0; degree=3; gamma=0.0; kernel='linear'; max_iter=-1; probability=False; random_state=None; shrinking=True; tol=0.001; verbose=False)",0.584160675568,0.528525787312,9.70208311081,6.89843297005,63,[[ 505 3417]  [ 227 4614]],[[  41  956]  [  77 1117]]
"SVC(C=1.0; cache_size=200; class_weight=None; coef0=0.0; degree=3; gamma=0.0; kernel='linear'; max_iter=-1; probability=False; random_state=None; shrinking=True; tol=0.001; verbose=False)",0.602875727491,0.520766773163,21.7756009102,15.1827540398,146,[[ 776 3146]  [ 334 4507]],[[181 816]  [234 960]]
"SVC(C=1.0; cache_size=200; class_weight=None; coef0=0.0; degree=3; gamma=0.0; kernel='linear'; max_iter=-1; probability=False; random_state=None; shrinking=True; tol=0.001; verbose=False)",0.645897523679,0.510725696029,68.0705358982,44.8758189678,336,[[1416 2506]  [ 597 4244]],[[268 729]  [343 851]]
"SVC(C=1.0; cache_size=200; class_weight=None; coef0=0.0; degree=3; gamma=0.0; kernel='linear'; max_iter=-1; probability=False; random_state=None; shrinking=True; tol=0.001; verbose=False)",0.670090151775,0.499771793702,142.464532137,85.3765640259,774,[[1783 2139]  [ 752 4089]],[[394 603]  [493 701]]
"SVC(C=1.0; cache_size=200; class_weight=None; coef0=0.0; degree=3; gamma=0.0; kernel='linear'; max_iter=-1; probability=False; random_state=None; shrinking=True; tol=0.001; verbose=False)",0.717334246263,0.500228206298,321.802706003,182.599089861,1779,[[2347 1575]  [ 902 3939]],[[357 640]  [455 739]]
"SVC(C=1.0; cache_size=200; class_weight=None; coef0=0.0; degree=3; gamma=0.0; kernel='linear'; max_iter=-1; probability=False; random_state=None; shrinking=True; tol=0.001; verbose=False)",0.797672030127,0.50296668188,555.201104164,378.683808804,4087,[[2895 1027]  [ 746 4095]],[[375 622]  [467 727]]
"SVC(C=1.0; cache_size=200; class_weight=None; coef0=0.0; degree=3; gamma=0.0; kernel='linear'; max_iter=-1; probability=False; random_state=None; shrinking=True; tol=0.001; verbose=False)",0.902430674427,0.508900045641,1583.77374601,818.353860855,9389,[[3464  458]  [ 397 4444]],[[416 581]  [495 699]]
"SVC(C=1.0; cache_size=200; class_weight=None; coef0=0.0; degree=3; gamma=0.0; kernel='poly'; max_iter=-1; probability=False; random_state=None; shrinking=True; tol=0.001; verbose=False)",0.580280725779,0.536284801461,1.62611794472,0.862631082535,1,[[ 327 3595]  [  83 4758]],[[  64  933]  [  83 1111]]
"SVC(C=1.0; cache_size=200; class_weight=None; coef0=0.0; degree=3; gamma=0.0; kernel='poly'; max_iter=-1; probability=False; random_state=None; shrinking=True; tol=0.001; verbose=False)",0.57640077599,0.537654039251,1.62782001495,1.16473293304,4,[[ 287 3635]  [  77 4764]],[[  61  936]  [  77 1117]]
"SVC(C=1.0; cache_size=200; class_weight=None; coef0=0.0; degree=3; gamma=0.0; kernel='poly'; max_iter=-1; probability=False; random_state=None; shrinking=True; tol=0.001; verbose=False)",0.57640077599,0.537654039251,3.3196811676,1.92234587669,11,[[ 287 3635]  [  77 4764]],[[  61  936]  [  77 1117]]
"SVC(C=1.0; cache_size=200; class_weight=None; coef0=0.0; degree=3; gamma=0.0; kernel='poly'; max_iter=-1; probability=False; random_state=None; shrinking=True; tol=0.001; verbose=False)",0.57206436152,0.545869465997,4.76264882088,3.46073889732,27,[[ 232 3690]  [  60 4781]],[[  10  987]  [   8 1186]]
"SVC(C=1.0; cache_size=200; class_weight=None; coef0=0.0; degree=3; gamma=0.0; kernel='poly'; max_iter=-1; probability=False; random_state=None; shrinking=True; tol=0.001; verbose=False)",0.571607896839,0.543130990415,10.5744290352,7.67793107033,63,[[ 226 3696]  [  58 4783]],[[  22  975]  [  26 1168]]
"SVC(C=1.0; cache_size=200; class_weight=None; coef0=0.0; degree=3; gamma=0.0; kernel='poly'; max_iter=-1; probability=False; random_state=None; shrinking=True; tol=0.001; verbose=False)",0.565445623645,0.546782291191,20.1010320187,17.0746660233,146,[[ 140 3782]  [  26 4815]],[[  13  984]  [   9 1185]]
"SVC(C=1.0; cache_size=200; class_weight=None; coef0=0.0; degree=3; gamma=0.0; kernel='poly'; max_iter=-1; probability=False; random_state=None; shrinking=True; tol=0.001; verbose=False)",0.55894100194,0.546782291191,48.912996769,54.6275219917,336,[[  68 3854]  [  11 4830]],[[  12  985]  [   8 1186]]
"SVC(C=1.0; cache_size=200; class_weight=None; coef0=0.0; degree=3; gamma=0.0; kernel='poly'; max_iter=-1; probability=False; random_state=None; shrinking=True; tol=0.001; verbose=False)",0.552436380235,0.5454130534,110.536437988,121.475336075,774,[[   0 3922]  [   0 4841]],[[   1  996]  [   0 1194]]
"SVC(C=1.0; cache_size=200; class_weight=None; coef0=0.0; degree=3; gamma=0.0; kernel='poly'; max_iter=-1; probability=False; random_state=None; shrinking=True; tol=0.001; verbose=False)",0.552436380235,0.544956640803,215.838382006,225.018912077,1779,[[   0 3922]  [   0 4841]],[[   0  997]  [   0 1194]]
"SVC(C=1.0; cache_size=200; class_weight=None; coef0=0.0; degree=3; gamma=0.0; kernel='poly'; max_iter=-1; probability=False; random_state=None; shrinking=True; tol=0.001; verbose=False)",0.552436380235,0.544956640803,491.990884066,509.207832098,4087,[[   0 3922]  [   0 4841]],[[   0  997]  [   0 1194]]
"SVC(C=1.0; cache_size=200; class_weight=None; coef0=0.0; degree=3; gamma=0.0; kernel='poly'; max_iter=-1; probability=False; random_state=None; shrinking=True; tol=0.001; verbose=False)",0.552436380235,0.544956640803,960.756411076,1159.07361293,9389,[[   0 3922]  [   0 4841]],[[   0  997]  [   0 1194]]
"SVC(C=1.0; cache_size=200; class_weight=None; coef0=0.0; degree=3; gamma=0.0; kernel='rbf'; max_iter=-1; probability=False; random_state=None; shrinking=True; tol=0.001; verbose=False)",0.580280725779,0.536284801461,1.53005218506,1.08335590363,1,[[ 327 3595]  [  83 4758]],[[  64  933]  [  83 1111]]
"SVC(C=1.0; cache_size=200; class_weight=None; coef0=0.0; degree=3; gamma=0.0; kernel='rbf'; max_iter=-1; probability=False; random_state=None; shrinking=True; tol=0.001; verbose=False)",0.580280725779,0.536284801461,2.18504214287,1.5545270443,4,[[ 327 3595]  [  83 4758]],[[  64  933]  [  83 1111]]
"SVC(C=1.0; cache_size=200; class_weight=None; coef0=0.0; degree=3; gamma=0.0; kernel='rbf'; max_iter=-1; probability=False; random_state=None; shrinking=True; tol=0.001; verbose=False)",0.580280725779,0.537197626654,2.69665598869,2.1034321785,11,[[ 327 3595]  [  83 4758]],[[  64  933]  [  81 1113]]
"SVC(C=1.0; cache_size=200; class_weight=None; coef0=0.0; degree=3; gamma=0.0; kernel='rbf'; max_iter=-1; probability=False; random_state=None; shrinking=True; tol=0.001; verbose=False)",0.580280725779,0.537197626654,5.56609988213,4.12907910347,27,[[ 327 3595]  [  83 4758]],[[  63  934]  [  80 1114]]
"SVC(C=1.0; cache_size=200; class_weight=None; coef0=0.0; degree=3; gamma=0.0; kernel='rbf'; max_iter=-1; probability=False; random_state=None; shrinking=True; tol=0.001; verbose=False)",0.580394841949,0.538566864445,10.3027169704,8.59948897362,63,[[ 328 3594]  [  83 4758]],[[  65  932]  [  79 1115]]
"SVC(C=1.0; cache_size=200; class_weight=None; coef0=0.0; degree=3; gamma=0.0; kernel='rbf'; max_iter=-1; probability=False; random_state=None; shrinking=True; tol=0.001; verbose=False)",0.613716763665,0.527612962118,19.6081111431,17.4237058163,146,[[ 851 3071]  [ 314 4527]],[[157 840]  [195 999]]
"SVC(C=1.0; cache_size=200; class_weight=None; coef0=0.0; degree=3; gamma=0.0; kernel='rbf'; max_iter=-1; probability=False; random_state=None; shrinking=True; tol=0.001; verbose=False)",0.641675225379,0.515746234596,53.9969329834,52.2385139465,336,[[1454 2468]  [ 672 4169]],[[198 799]  [262 932]]
"SVC(C=1.0; cache_size=200; class_weight=None; coef0=0.0; degree=3; gamma=0.0; kernel='rbf'; max_iter=-1; probability=False; random_state=None; shrinking=True; tol=0.001; verbose=False)",0.641104644528,0.510725696029,109.789742947,95.3797688484,774,[[1331 2591]  [ 554 4287]],[[188 809]  [263 931]]
"SVC(C=1.0; cache_size=200; class_weight=None; coef0=0.0; degree=3; gamma=0.0; kernel='rbf'; max_iter=-1; probability=False; random_state=None; shrinking=True; tol=0.001; verbose=False)",0.631975350907,0.519853947969,213.875428915,228.223089933,1779,[[1092 2830]  [ 395 4446]],[[145 852]  [200 994]]
"SVC(C=1.0; cache_size=200; class_weight=None; coef0=0.0; degree=3; gamma=0.0; kernel='rbf'; max_iter=-1; probability=False; random_state=None; shrinking=True; tol=0.001; verbose=False)",0.601049868766,0.531264262894,433.495936155,511.332566023,4087,[[ 665 3257]  [ 239 4602]],[[  85  912]  [ 115 1079]]
"SVC(C=1.0; cache_size=200; class_weight=None; coef0=0.0; degree=3; gamma=0.0; kernel='rbf'; max_iter=-1; probability=False; random_state=None; shrinking=True; tol=0.001; verbose=False)",0.577085473012,0.547695116385,1023.92047787,1168.98303008,9389,[[ 352 3570]  [ 136 4705]],[[  42  955]  [  36 1158]]
